{
  "title" : "Strategy Stress Test Insight",
  "description" : "SST insights shows how good the strategy is in terms of robustness, resilience and readiness against the level of disagreement between respondents.",
  "type" : "X-Y Scatter plot",
  "dataPtShape" : "Square",
  "regions" : [ {
    "label" : "Region1",
    "color" : "Orange",
    "x1Coordinate" : 50.0,
    "y1Coordinate" : 0.54,
    "x2Coordinate" : 50.0,
    "y2Coordinate" : 1.5,
    "x3Coordinate" : 87.0,
    "y3Coordinate" : 1.5,
    "x4Coordinate" : 0.0,
    "y4Coordinate" : 0.0
  }, {
    "label" : "pink",
    "color" : null,
    "x1Coordinate" : 50.0,
    "y1Coordinate" : 0.54,
    "x2Coordinate" : 58.0,
    "y2Coordinate" : 0.3,
    "x3Coordinate" : 88.0,
    "y3Coordinate" : 1.5,
    "x4Coordinate" : 100.0,
    "y4Coordinate" : 1.3
  } ],
  "legends" : [ {
    "geoShape" : "Square",
    "txtLabel" : "Robust",
    "color" : "Red"
  }, {
    "geoShape" : "Square",
    "txtLabel" : "Resilience",
    "color" : "Green"
  } ],
  "axes" : {
    "xAxisLabel" : "Strategy is robust, resilient, and rooted",
    "yAxisLabel" : "Lack of alignment amongst respondents"
  },
  "summaryTable" : {
    "numberOfRows" : 4,
    "numberOfColumns" : 4,
    "cellData" : [ {
      "rowNumber" : 1,
      "colNumber" : 2,
      "cellText" : "Little Concern",
      "cellColor" : "blue",
      "isHeader" : true,
      "header" : true
    }, {
      "rowNumber" : 1,
      "colNumber" : 3,
      "cellText" : "Some Concerns",
      "cellColor" : "blue",
      "isHeader" : true,
      "header" : true
    }, {
      "rowNumber" : 1,
      "colNumber" : 4,
      "cellText" : "Greatest Concerns",
      "cellColor" : "blue",
      "isHeader" : true,
      "header" : true
    }, {
      "rowNumber" : 2,
      "colNumber" : 1,
      "cellText" : "Robust Factors",
      "cellColor" : "blue",
      "isHeader" : true,
      "header" : true
    }, {
      "rowNumber" : 2,
      "colNumber" : 2,
      "cellText" : "60%",
      "cellColor" : "white",
      "isHeader" : false,
      "header" : false
    }, {
      "rowNumber" : 2,
      "colNumber" : 3,
      "cellText" : "33%",
      "cellColor" : "white",
      "isHeader" : false,
      "header" : false
    }, {
      "rowNumber" : 2,
      "colNumber" : 4,
      "cellText" : "17%",
      "cellColor" : "white",
      "isHeader" : false,
      "header" : false
    } ]
  },
  "summaryTxt" : [ "5 Resilience factors are in greatest concerns segment", "5 Rooted factors are in greatest or some concerns segment" ],
  "notes" : [ "X axis shows mean of responses accross the sample expressed as percentage", "Y axis shows standard deviation of all responses" ]
}