{
	"keys": {
		"uid": "userid",
		"pid": "projectid",
		"toolid": "toolid",
		"templateid": "templateid",
		"pageid": "pageid"
	},
	"PageQuestions": [
		{
			"pd1": [
				{
					"sd1": {
						"qns": [ 
						    {"QnNo": "QnNo","QnID": "QnID", "QnCOntext": "QnContext", "Qn": "Qn", "Optlbl": "OptLabels","UsrOpt": "UsrOpt"},
							{"QnNo": "QnNo","QnID": "QnID", "QnCOntext": "QnContext", "Qn": "Qn", "Optlbl": "OptLabels","UsrOpt": "UsrOpt"},
							{"QnNo": "QnNo","QnID": "QnID", "QnCOntext": "QnContext", "Qn": "Qn", "Optlbl": "OptLabels","UsrOpt": "UsrOpt"}
						]
					},
					"sd2": {
						"qns": [
							{"QnNo": "QnNo","QnID": "QnID", "QnCOntext": "QnContext", "Qn": "Qn", "Optlbl": "OptLabels","UsrOpt": "UsrOpt"},
							{"QnNo": "QnNo","QnID": "QnID", "QnCOntext": "QnContext", "Qn": "Qn", "Optlbl": "OptLabels","UsrOpt": "UsrOpt"},
							{"QnNo": "QnNo","QnID": "QnID", "QnCOntext": "QnContext", "Qn": "Qn", "Optlbl": "OptLabels","UsrOpt": "UsrOpt"}
						]
					},
					"sd3": {
						"qns": [
							{"QnNo": "QnNo","QnID": "QnID", "QnCOntext": "QnContext", "Qn": "Qn", "Optlbl": "OptLabels","UsrOpt": "UsrOpt"},
							{"QnNo": "QnNo","QnID": "QnID", "QnCOntext": "QnContext", "Qn": "Qn", "Optlbl": "OptLabels","UsrOpt": "UsrOpt"},
							{"QnNo": "QnNo","QnID": "QnID", "QnCOntext": "QnContext", "Qn": "Qn", "Optlbl": "OptLabels","UsrOpt": "UsrOpt"}
						]
					}
				}
			],
			"pd2": [
				{
					"sd1": {
						"qns": [
							"Q1",
							"Q2",
							"Q3"
						]
					},
					"sd2": {
						"qns": [
							"Q1",
							"Q2",
							"Q3"
						]
					},
					"sd3": {
						"qns": [
							"Q1",
							"Q2",
							"Q3"
						]
					}
				}
			]
		}
	]
}